trial, task, trajectory, viz, time, confidence, offset, posx, posy, posz, anglex, angley, anglez
0, density, catheter1, density, 33.24611, 5, 0.004531959, 0.01512361, 0.8248346, -0.8461941, 
1, density, catheter2, none, 44.71802, 4, 0.003405279, 0.01538891, 0.8298255, -0.8238314, 
2, density, catheter1, density, 32.62997, 4, 0.004341499, 0.0161172, 0.8251337, -0.8460276, 
